# Name,   Type, SubType, Offset,   Size, Flags
# Dual OTA firmware slots so POST /api/ota can update the MicroPython image without a cable (rollback via otadata).
nvs,      data, nvs,     0x9000,   0x6000,
otadata,  data, ota,     0xf000,   0x2000,
phy_init, data, phy,     0x11000,  0x1000,
ota_0,    app,  ota_0,   0x20000,  0x2C0000,
ota_1,    app,  ota_1,   0x2E0000, 0x2C0000,
# raw circular log for the 5-minute history (see py/core/history.py); 8928 x 32 B + header = ~283 KB
history,  data, 0x40,    0x5A0000, 0x50000,
vfs,      data, fat,     0x5F0000, 0x210000,
